5,5,5,5,5,5,5,5,5,5
5,5,5,6,5,5,5,7,5,5
6,8,6,7,7,5,5,7,5,6
6,8,6,7,9,5,5,7,5,6
8,9,7,8,9,5,5,8,5,6
8,9,7,8,10,5,5,9,5,6
9,10,7,8,10,5,8,10,5,6
10,10,8,8,10,5,8,10,6,6
10,10,9,8,10,6,9,10,7,6
10,10,9,8,11,8,9,11,8,7
10,11,9,8,12,9,10,12,10,8
10,12,9,8,12,9,10,12,11,8
10,13,11,9,12,9,10,12,11,8
10,13,11,9,12,11,11,12,11,9
11,13,11,10,12,11,11,13,11,9
11,13,11,10,12,11,11,13,11,9
13,13,12,10,12,11,11,13,11,9
13,13,12,12,13,11,11,13,11,10
14,13,12,12,13,12,12,14,11,10
14,15,12,12,15,13,13,15,11,11
14,15,12,13,15,15,13,16,11,11
14,15,12,13,15,16,13,16,12,11
16,15,12,13,16,16,14,16,13,11
16,17,13,13,16,17,14,16,14,11
17,18,13,13,16,17,15,16,14,13
18,20,14,13,17,17,15,17,16,13
18,20,14,14,17,18,15,17,16,13
18,20,14,17,17,18,15,17,17,14
19,21,15,17,17,18,16,17,17,14
20,21,16,17,17,19,18,17,18,16
20,21,16,17,17,19,18,20,18,16
20,22,16,18,17,20,19,20,18,16
22,23,16,18,19,20,21,20,18,16
23,23,16,18,19,21,21,21,18,16
23,23,17,19,20,22,21,22,18,16
24,23,17,19,21,22,21,22,19,16
24,24,18,19,22,22,21,22,19,16
24,24,18,19,22,23,21,22,20,16
25,25,18,19,22,23,22,22,20,17
25,26,19,21,22,23,23,23,20,18
26,26,19,21,23,23,23,24,21,18
26,26,20,21,23,23,23,25,22,19
27,26,20,22,23,25,24,26,23,20
27,27,21,22,23,25,24,27,24,21
27,27,21,23,23,25,26,27,24,21
28,28,21,23,23,25,26,28,25,21
29,29,21,23,25,27,26,29,25,21
29,29,21,23,25,28,26,29,25,21
30,29,21,24,25,28,26,29,25,22
30,29,22,24,26,28,27,29,27,22
31,30,22,24,27,28,27,30,27,22
31,32,22,24,28,29,28,30,27,22
31,32,23,26,28,29,28,30,27,22
32,33,23,26,28,29,29,30,27,22
32,33,24,26,28,29,29,31,27,23
33,33,24,26,29,30,29,31,28,24
34,33,25,27,29,30,29,31,29,24
36,33,25,27,29,30,31,33,29,25
36,35,25,28,29,30,32,34,30,25
37,36,25,28,29,31,32,35,32,25
37,36,25,29,29,31,32,35,32,25
38,36,25,29,29,31,32,36,32,25
38,36,27,29,30,31,32,36,33,27
38,36,27,29,30,31,32,36,33,27
39,37,27,29,32,32,32,37,33,27
40,37,28,31,32,33,33,37,33,27
40,37,28,32,33,33,33,37,34,27
41,37,28,32,33,34,33,37,35,27
42,39,29,32,33,34,34,37,35,28
42,40,29,33,33,34,34,39,36,28
42,40,30,33,33,34,34,39,37,29
42,42,30,33,33,34,35,41,37,30
42,42,30,34,33,35,36,41,37,30
42,44,31,34,33,35,36,42,37,30
42,44,31,34,33,36,37,42,38,30
42,44,32,34,34,36,38,43,40,31
42,44,33,34,34,37,38,44,41,31
43,44,34,35,35,37,39,44,41,31
43,46,35,35,36,37,41,44,41,31
44,46,35,36,37,38,41,45,41,31
44,46,35,36,37,40,41,46,41,31
45,46,35,36,37,40,41,46,42,32
45,46,36,36,38,40,41,47,43,33
46,47,37,37,38,41,42,47,43,33
48,48,37,37,39,42,42,48,43,34
48,48,37,38,39,43,42,48,44,36
48,48,37,38,39,43,43,49,44,36
48,48,37,38,41,43,43,50,45,37
49,49,37,38,41,43,43,50,45,37
49,50,37,38,41,43,43,51,47,37
49,50,37,40,41,43,43,52,47,37
49,50,37,41,41,43,43,52,48,37
49,50,38,42,42,44,43,52,48,37
49,52,38,42,42,45,44,52,48,37
49,52,39,42,43,45,44,52,48,37
49,53,40,43,43,45,44,52,49,37
50,53,41,43,43,46,45,53,50,38
51,53,42,44,44,47,46,53,50,40
52,54,42,44,44,47,47,53,50,40
52,54,42,45,45,47,48,54,51,40
53,54,42,45,46,47,49,54,52,43
54,54,42,45,46,47,49,55,52,43
55,54,42,45,46,47,49,56,53,43
55,54,42,45,46,47,49,58,53,43
56,56,42,46,47,48,50,59,54,43
56,56,43,47,47,49,50,59,55,43
56,56,44,47,47,50,51,59,55,45
56,58,44,48,47,50,51,60,56,45
57,59,44,48,48,51,51,61,56,45
57,59,45,48,50,51,51,62,57,45
57,60,46,48,50,51,51,62,58,45
57,60,47,49,50,53,51,62,58,45
57,60,47,49,50,53,52,62,58,47
58,60,48,50,51,53,53,62,59,47
58,62,48,50,51,53,53,64,59,48
59,62,48,50,52,53,54,64,60,49
60,63,48,50,52,53,54,64,60,49
61,63,49,50,53,54,54,64,60,49
63,63,50,51,53,54,55,64,60,49
63,63,50,51,53,55,56,64,61,49
63,64,50,53,53,55,56,64,61,49
63,65,50,53,53,55,57,65,61,49
63,65,50,53,53,55,57,65,61,49
64,66,51,53,54,56,58,65,62,49
64,66,52,54,54,57,58,66,63,49
65,66,53,54,54,57,59,68,63,51
65,66,53,54,55,58,59,68,65,51
65,66,53,56,56,58,59,71,66,51
66,67,53,56,57,58,60,71,67,51
66,68,53,56,58,58,60,72,67,53
66,69,53,56,59,59,60,72,68,54
67,70,55,57,59,59,60,72,68,55
67,70,55,57,59,60,60,72,68,55
67,70,55,57,59,60,60,73,68,55
68,71,55,57,59,60,61,73,68,55
68,71,55,58,60,60,61,73,69,55
68,72,56,59,61,60,61,73,69,55
69,72,56,59,61,61,61,73,69,56
69,73,56,60,61,61,61,74,70,57
71,74,58,60,62,61,61,75,71,57
71,74,59,61,62,62,61,76,71,57
72,74,59,61,62,62,62,76,73,57
72,75,59,61,64,62,63,76,73,57
73,75,59,61,64,62,65,76,73,58
73,76,59,62,65,62,65,77,73,58
73,76,60,62,65,63,65,77,73,59
73,76,61,62,65,63,65,80,73,59
73,76,61,62,65,63,65,81,73,59
73,77,62,62,65,63,65,81,74,59
73,77,62,62,67,63,65,81,75,59
73,77,63,64,67,64,65,81,78,60
74,79,64,64,67,64,65,81,78,61
75,80,64,65,67,65,65,82,78,61
76,80,64,66,67,66,65,82,79,62
77,82,64,67,67,67,65,82,81,62
77,82,64,68,67,67,65,82,81,63
79,82,64,68,67,67,65,82,81,63
79,82,65,69,69,68,65,83,83,64
80,82,66,69,69,68,65,83,83,64
80,83,66,69,69,69,66,84,83,64
80,83,66,69,69,69,66,86,83,64
80,84,67,69,70,70,66,86,83,65
80,84,67,69,70,70,66,86,83,65
80,85,68,70,70,70,67,86,83,65
81,86,68,70,70,70,68,87,83,66
82,86,68,70,70,71,69,88,84,66
82,86,68,71,70,71,69,90,84,66
83,87,68,71,71,72,69,90,85,66
83,87,69,72,72,73,70,90,87,66
83,88,69,73,72,73,70,91,89,66
83,89,69,74,72,74,70,91,89,66
84,89,70,74,72,74,70,91,89,67
84,90,70,74,72,75,70,92,90,69
85,91,70,74,73,75,70,92,91,70
85,93,70,74,73,75,71,92,91,70
85,93,70,75,74,76,72,93,91,70
85,93,73,75,74,76,72,93,91,71
85,93,73,75,74,76,72,94,91,71
85,93,73,75,75,76,72,94,91,72
86,93,73,76,75,78,72,94,91,72
86,94,73,77,75,79,72,94,92,73
87,94,73,78,75,79,72,94,93,73
87,94,73,80,76,80,72,94,94,74
87,95,73,80,76,81,72,94,94,74
87,96,74,80,76,81,72,94,94,74
87,97,77,80,76,81,72,95,94,74
89,97,77,80,77,81,73,95,94,74
91,97,77,80,78,81,75,96,95,75
92,97,77,81,79,81,75,97,96,75
92,98,78,81,79,81,75,98,98,76
92,98,78,81,81,81,75,99,98,76
92,98,78,81,82,81,75,101,98,77
92,99,78,81,82,82,75,101,99,78
92,101,79,81,82,84,76,101,99,78
92,101,79,81,82,84,76,101,100,78
92,101,80,82,82,85,76,102,101,79
92,102,80,83,82,86,76,102,101,79
92,102,80,84,82,86,76,102,101,79
92,102,82,84,82,86,76,103,101,79
92,103,82,84,83,87,76,103,102,79
93,103,82,85,83,87,77,103,103,79
95,104,83,86,83,87,78,104,103,80
96,104,84,86,83,87,78,105,103,80
97,104,84,86,83,88,78,105,103,80
97,105,84,86,84,89,79,105,103,81
97,105,84,86,84,90,79,105,104,81
97,105,84,86,84,90,79,106,105,82
97,106,84,86,84,91,80,106,107,84
99,106,84,87,84,93,80,106,107,85
100,106,84,88,84,94,81,106,108,85
100,106,84,88,84,94,81,107,109,85
100,107,85,88,84,94,81,107,109,85
100,109,86,88,86,94,82,109,109,85
100,110,86,89,86,94,82,109,110,85
101,110,86,90,87,94,83,109,110,85
101,110,87,90,87,94,84,111,110,85
102,110,88,90,87,94,84,111,110,86
102,111,89,90,87,95,84,112,110,86
102,111,89,90,87,95,84,113,111,87
103,112,89,91,87,95,84,113,111,87
103,112,89,91,87,96,84,113,113,87
104,112,89,92,87,97,85,114,114,88
104,112,90,92,87,98,85,114,114,89
104,112,90,93,87,98,85,115,114,90
105,113,91,93,87,98,85,115,115,90
105,114,93,93,88,98,86,115,115,90
105,114,93,95,88,98,86,115,115,91
105,114,93,96,88,99,86,115,115,91
106,115,93,96,89,99,86,115,115,92
106,115,95,96,89,99,87,115,116,92
106,116,95,96,90,100,88,116,116,93
107,118,95,96,90,100,88,117,116,93
107,118,95,96,91,100,88,117,116,93
107,118,95,96,91,101,88,118,116,93
107,118,95,97,91,103,89,118,117,93
107,119,95,98,91,103,90,119,117,93
108,119,95,98,91,103,90,119,118,94
109,119,96,98,91,104,90,120,118,94
110,120,97,99,92,104,91,121,118,94
110,121,97,100,92,105,91,121,118,94
110,121,97,101,92,106,91,121,118,95
110,121,98,102,93,106,91,121,119,96
110,122,100,102,94,107,91,121,120,97
110,123,100,102,94,107,91,123,120,97
110,124,100,102,94,107,91,124,120,98
110,124,100,102,94,107,92,124,120,99
111,124,100,103,95,108,93,124,121,99
111,124,100,103,96,110,93,125,121,99
111,125,100,103,96,110,93,125,121,100
111,125,102,103,97,110,93,125,122,100
112,125,103,103,98,110,94,125,122,100
112,126,103,103,98,111,95,126,122,100
112,126,103,103,98,111,96,127,123,102
114,126,103,104,98,111,96,127,124,102
114,126,104,106,99,111,96,127,124,102
114,126,105,106,99,111,96,127,124,102
116,126,105,106,100,112,97,128,126,102
116,127,106,106,100,113,97,129,127,102
116,129,107,106,100,113,97,129,127,102
116,130,107,106,101,114,97,129,127,104
116,130,107,107,101,115,97,129,129,105
116,130,107,107,102,116,97,129,130,106
118,131,108,107,102,116,97,130,130,106
118,131,108,107,103,116,98,131,132,107
118,131,109,107,105,116,98,131,132,107
118,131,109,108,105,116,98,132,132,108
118,132,110,109,105,117,100,132,132,108
118,133,110,109,105,117,100,132,132,108
118,133,110,109,106,118,100,132,132,108
119,134,112,110,106,118,101,133,133,108
120,134,112,110,106,118,102,133,134,109
120,135,112,110,106,119,102,134,134,110
121,135,112,110,106,119,103,134,135,110
121,136,112,110,106,120,103,134,135,110
122,137,112,110,106,121,103,135,135,110
123,138,112,111,108,122,104,135,135,111
123,138,112,111,108,122,105,136,136,112
123,138,114,111,108,122,106,136,136,113
123,138,115,112,109,123,106,136,136,113
124,139,115,113,110,123,106,136,137,114
124,139,116,113,111,123,107,137,138,114
124,141,116,113,112,123,107,138,138,114
124,141,117,113,112,123,108,138,139,114
125,141,117,113,112,124,108,139,139,114
125,142,117,113,112,125,108,139,141,115
125,142,118,113,112,125,108,139,141,115
125,142,119,113,112,126,108,139,142,115
126,143,119,113,114,126,108,139,142,115
127,144,119,113,116,126,109,140,142,115
127,144,119,114,116,126,110,142,142,116
128,145,119,115,116,126,110,142,143,117
128,145,120,115,116,126,110,143,143,117
129,146,121,115,117,127,110,143,144,117
130,146,121,116,117,127,111,144,144,118
130,146,121,116,118,128,111,144,144,119
130,146,123,116,118,128,112,144,145,119
131,147,123,116,118,128,112,145,145,120
131,147,123,116,118,131,112,145,146,121
131,147,124,117,119,132,112,145,148,122
131,148,124,117,119,132,112,145,150,122
132,149,124,117,120,133,112,145,150,122
133,151,125,117,120,133,113,146,150,122
133,151,126,117,120,133,114,148,150,123
133,152,126,118,120,133,114,148,151,123
133,154,127,118,120,133,114,149,152,123
134,154,127,119,120,133,114,149,152,124
134,155,127,119,120,133,114,150,152,124
134,155,128,119,121,133,115,150,152,125
134,155,129,119,121,133,117,150,152,125
134,155,129,119,123,133,118,151,152,125
135,155,130,119,124,134,118,151,153,125
136,155,130,120,124,135,118,151,153,125
136,156,130,121,124,135,118,151,154,127
136,157,130,122,125,136,118,151,155,127
136,157,130,122,125,136,119,153,155,128
136,157,130,123,125,136,119,153,156,128
136,157,130,123,125,137,120,154,157,129
136,157,130,124,126,137,120,155,157,129
136,158,131,124,126,137,120,155,158,130
136,158,132,124,126,137,120,155,158,130
136,159,132,124,127,137,121,157,158,131
137,160,133,124,127,137,121,157,158,131
139,161,133,124,128,138,121,158,158,132
139,161,134,124,128,138,122,159,159,132
139,161,135,124,128,139,122,159,159,132
140,162,135,124,129,139,122,159,160,132
140,162,135,124,131,139,124,159,162,133
140,164,136,126,131,139,124,159,162,134
141,164,136,127,131,140,124,160,163,134
141,164,136,127,132,141,124,160,163,134
141,164,136,127,132,141,125,160,163,135
141,164,136,127,132,141,127,160,164,135
142,164,137,127,133,141,127,161,164,136
142,165,137,127,133,141,127,161,164,136
142,165,138,127,133,141,128,161,164,136
143,165,138,127,134,142,128,161,164,138
143,165,138,127,135,142,128,163,164,138
143,165,138,128,135,143,128,164,164,138
143,167,138,128,136,143,130,166,165,138
143,169,138,128,136,143,131,167,165,139
144,169,138,128,137,143,131,167,166,139
144,170,139,129,137,143,131,168,168,139
144,171,140,131,138,144,132,168,169,140
145,171,141,131,138,144,132,168,169,141
145,172,142,131,138,144,133,168,169,141
145,172,142,131,138,144,133,169,169,142
146,172,142,131,138,144,134,169,169,142
147,173,143,131,138,145,135,169,169,142
147,173,143,131,139,145,135,170,170,142
147,173,143,132,139,146,135,170,170,143
149,173,143,132,140,147,135,170,171,143
149,173,143,132,140,147,135,171,171,144
149,173,143,132,142,147,137,172,171,144
149,173,144,133,142,147,137,172,172,144
149,173,145,133,142,147,138,173,172,144
149,174,146,133,143,147,138,173,172,144
149,174,146,134,143,147,138,173,173,144
151,174,147,134,143,147,138,173,173,144
151,174,147,134,143,148,138,174,173,145
151,175,147,134,144,148,138,174,173,145
152,176,147,134,145,149,139,175,173,145
153,177,148,134,146,149,142,175,173,145
154,178,148,134,146,149,144,175,174,145
154,179,148,134,147,150,144,175,175,148
154,180,148,134,147,150,144,176,177,148
154,180,148,134,148,151,144,176,178,149
155,181,148,135,148,151,145,176,179,149
156,181,149,135,148,152,146,176,179,150
156,182,151,137,149,153,146,176,179,150
157,182,151,137,149,153,146,177,179,150
157,183,151,137,150,153,146,178,179,151
157,183,151,138,150,153,146,178,180,151
159,183,152,138,150,154,146,178,181,151
159,183,152,138,150,154,146,178,181,151
159,183,152,138,153,154,146,178,181,152
159,184,152,138,154,154,147,178,181,152
160,184,152,138,154,154,147,179,182,153
160,185,152,138,154,155,147,179,182,153
160,185,153,138,154,156,147,179,183,154
161,185,153,138,155,156,148,181,184,154
161,186,154,138,155,157,149,181,185,154
161,188,156,139,155,157,149,181,185,154
162,188,156,139,155,157,149,181,185,154
163,188,157,140,155,158,149,181,185,155
165,188,157,140,155,158,149,182,186,155
166,189,158,140,156,159,150,183,186,156
166,189,159,140,156,159,150,183,186,156
166,189,159,140,157,159,151,184,186,156
166,190,159,140,158,159,151,184,187,157
166,190,159,141,158,159,151,185,187,157
166,191,159,141,158,159,151,186,187,159
166,191,159,141,158,160,151,186,188,159
166,191,159,141,159,161,152,186,188,159
166,192,159,141,160,161,153,186,188,159
167,193,160,142,161,161,153,186,190,159
168,193,161,143,161,161,154,186,190,159
168,193,161,143,161,161,154,186,190,159
169,193,161,143,162,162,154,186,190,159
170,193,161,143,162,162,154,187,190,159
171,193,162,143,162,162,154,187,190,159
171,193,163,144,163,162,156,187,190,159
173,195,164,145,163,163,157,187,191,159
173,196,164,145,164,164,158,188,191,160
173,198,164,145,164,164,158,189,192,163
173,198,165,146,164,164,158,189,192,163
173,198,166,146,164,164,158,190,192,163
173,198,166,146,164,165,159,190,192,164
173,198,166,146,165,167,160,190,194,164
173,199,166,146,168,167,160,191,194,164
173,200,166,146,168,167,160,192,195,165
174,200,167,147,168,167,161,192,195,166
175,200,167,148,168,168,161,192,195,166
175,200,168,148,168,169,162,192,195,166
175,200,168,148,170,169,162,192,196,166
175,201,168,148,171,169,163,192,196,166
177,201,169,148,171,169,164,193,196,166
177,201,170,148,171,170,165,194,197,166
178,201,170,149,171,170,165,195,197,166
178,203,170,150,171,170,167,195,197,166
179,203,170,151,172,170,168,195,198,166
180,203,170,151,173,171,168,196,199,167
180,203,170,151,173,171,168,196,199,167
180,204,171,151,173,171,168,197,199,168
181,204,172,151,173,171,168,197,199,168
182,204,172,151,173,171,169,198,200,169
182,205,172,151,174,171,169,198,200,169
182,206,172,151,175,171,169,200,201,170
182,206,172,152,175,173,169,200,201,170
182,206,172,152,175,173,169,200,201,170
182,207,174,152,175,173,170,201,201,170
183,207,175,153,176,173,171,201,201,170
183,208,175,153,176,173,172,202,201,170
183,208,175,154,177,173,174,202,202,170
183,209,176,154,178,173,176,202,202,170
184,211,176,154,178,174,176,202,202,170
185,211,176,154,178,175,176,202,202,170
187,211,177,155,178,175,176,202,202,170
187,211,177,155,178,175,177,202,202,170
187,211,177,155,178,175,177,203,204,170
187,211,177,155,178,175,177,203,205,171
187,212,178,155,179,175,177,203,205,171
187,212,179,155,181,175,178,203,205,171
187,212,179,155,181,176,179,205,205,171
187,212,180,155,181,176,179,206,205,171
187,213,181,156,182,176,179,207,205,171
188,213,181,156,182,176,179,207,205,171
189,214,181,156,183,176,180,209,205,172
190,214,181,156,183,176,182,209,205,172
190,214,181,157,183,177,183,210,207,172
192,214,181,157,183,177,183,210,207,172
193,214,181,158,183,177,183,210,207,172
193,214,182,158,183,177,183,211,208,172
194,214,182,159,184,177,183,211,208,173
195,214,183,159,185,177,183,211,208,173
195,214,183,160,186,177,183,211,208,174
195,215,185,161,186,177,185,211,209,174
195,216,185,161,186,177,185,211,209,174
196,216,185,161,187,177,186,211,209,174
196,216,185,161,188,178,186,212,209,175
196,217,186,161,188,178,186,212,210,176
196,218,186,161,188,178,187,212,210,177
196,219,186,161,188,179,187,213,211,177
196,220,186,162,188,181,188,213,212,177
199,220,187,162,189,182,189,214,212,177
199,220,187,162,190,182,189,214,214,177
199,220,187,162,190,182,189,214,214,177
200,221,187,164,190,182,189,217,214,177
200,221,187,164,191,183,189,217,214,178
200,221,187,164,191,183,190,217,214,179
200,221,188,165,191,184,192,217,214,179
201,221,188,165,191,184,192,217,215,179
202,221,189,165,193,184,192,217,215,179
202,221,189,166,194,184,192,219,215,179
202,221,190,166,195,184,193,219,215,180
202,221,191,166,195,185,194,219,215,181
203,222,191,166,195,185,194,220,215,181
205,223,191,166,195,187,194,221,215,181
205,223,192,166,195,188,195,221,217,181
206,223,192,166,195,188,195,221,217,181
206,223,192,166,195,188,195,221,217,181
206,224,192,166,195,188,196,222,217,181
206,224,192,166,197,188,197,222,218,183
206,224,193,167,197,190,199,222,219,183
206,224,193,168,198,190,199,222,219,183
206,224,194,168,198,190,199,223,219,183
206,224,194,168,198,190,199,223,219,185
206,225,194,168,198,190,199,223,220,185
207,225,195,168,198,190,200,224,220,185
209,226,195,168,198,191,200,225,220,185
210,226,195,168,200,192,200,225,220,185
211,226,195,168,201,193,200,225,220,185
211,226,196,168,202,194,202,226,221,185
211,226,196,169,203,194,204,227,221,186
211,227,196,169,203,194,204,228,221,187
211,227,196,169,203,194,204,229,222,187
211,227,196,169,204,195,205,229,223,187
211,227,197,170,205,195,206,229,223,187
211,227,197,170,205,195,207,230,223,187
211,229,198,170,205,195,207,230,223,188
211,229,199,171,205,195,207,230,224,188
212,229,199,171,205,195,207,230,224,188
213,229,199,171,206,196,209,232,225,188
214,229,200,172,207,196,209,233,226,189
215,229,200,172,207,196,209,233,226,189
216,229,200,172,207,198,209,233,227,191
217,229,200,172,207,198,209,233,227,191
217,229,200,172,208,198,209,233,227,191
217,229,200,172,208,198,209,233,227,192
218,229,200,172,210,199,211,234,227,192
218,229,200,173,210,199,211,234,227,192
219,230,200,173,210,199,213,234,227,194
219,230,200,173,210,200,213,235,227,195
219,230,201,174,210,200,213,236,227,195
220,230,202,174,210,200,213,236,227,195
220,230,203,175,211,200,214,237,227,195
220,230,203,176,211,200,215,238,228,195
220,231,203,176,211,200,215,238,228,195
221,231,203,176,211,200,216,238,229,195
221,231,203,177,212,201,216,238,229,195
221,232,204,177,212,201,216,239,229,196
222,232,204,177,212,202,216,239,229,196
222,232,204,177,214,204,218,239,229,196
222,232,204,178,215,204,219,239,229,196
222,232,204,178,215,205,220,239,230,196
223,232,204,179,215,206,220,239,230,198
224,232,205,179,215,206,220,239,230,198
225,232,205,179,215,206,220,241,230,198
225,233,206,180,216,206,220,241,230,199
225,234,206,180,216,206,221,241,230,199
226,234,206,181,216,206,221,241,230,199
227,235,206,181,216,207,221,242,231,200
227,235,207,181,216,208,222,243,232,201
227,235,208,181,217,208,224,243,232,201
228,235,208,181,217,208,224,244,233,201
228,236,208,181,219,209,225,244,234,202
228,236,209,182,219,209,227,244,234,202
228,236,210,182,219,209,228,244,234,203
228,236,210,184,220,209,228,245,234,203
228,236,210,184,221,210,228,245,234,203
230,236,210,184,221,210,228,245,234,203
230,236,210,184,221,210,228,245,234,203
230,236,211,184,221,210,228,247,234,204
230,236,211,185,222,211,228,247,234,204
230,236,211,185,222,211,228,248,235,204
231,236,211,186,222,211,228,249,236,204
231,237,212,186,222,212,228,249,236,204
233,238,213,186,223,212,229,249,236,204
234,238,213,186,224,213,229,250,236,205
234,238,214,186,224,213,230,250,238,205
234,238,215,187,224,214,230,250,238,206
234,238,216,187,224,214,232,250,238,206
234,238,216,187,224,214,233,252,239,206
235,238,216,187,224,214,233,252,240,206
236,238,216,187,224,214,234,252,240,206
236,238,216,187,224,214,234,253,240,206
236,238,216,189,224,214,234,255,240,207
236,238,216,189,224,214,235,255,240,207
237,239,217,189,224,214,235,255,241,207
238,239,217,189,224,214,235,255,242,207
238,239,218,190,226,216,235,255,242,208
239,239,218,190,226,217,235,255,242,208
239,240,220,190,226,217,236,255,242,208
239,240,221,191,226,217,236,255,242,209
240,240,221,191,226,218,236,255,242,209
240,240,221,191,226,218,237,256,243,209
240,240,221,192,226,218,238,257,243,209
241,240,221,192,226,218,238,257,243,209
241,240,222,192,226,218,239,258,244,209
242,240,223,193,226,218,239,258,244,209
243,241,223,193,226,218,240,259,244,209
243,241,223,193,227,218,240,260,244,209
244,241,223,193,228,218,240,261,244,209
244,241,223,194,228,219,240,261,244,211
244,241,223,194,229,220,242,261,244,211
245,242,223,195,230,220,243,261,244,211
245,242,223,195,230,220,244,261,244,212
245,242,225,195,231,220,244,261,244,212
245,242,226,195,231,220,245,261,244,213
245,242,226,196,231,220,245,261,244,213
246,242,226,196,231,221,245,261,245,213
247,242,226,196,231,221,246,262,246,213
247,242,226,197,231,221,247,263,246,213
247,242,226,197,231,221,247,263,246,213
247,243,227,197,231,221,247,263,247,213
248,243,227,197,232,221,247,265,247,214
248,244,227,197,232,221,247,267,247,214
249,244,228,197,233,221,248,267,247,214
249,246,229,198,234,222,248,267,247,215
250,247,229,198,234,222,249,268,247,215
250,247,230,198,234,222,249,268,247,215
250,247,230,198,234,222,249,268,247,215
250,247,231,198,234,222,249,268,247,215
250,247,232,199,234,222,249,269,248,215
252,247,232,199,234,222,249,269,248,215
252,247,232,199,235,222,251,269,248,215
252,247,232,200,235,222,251,269,248,215
252,247,232,200,236,223,251,269,248,215
252,247,232,200,236,223,251,270,248,216
253,247,232,200,236,223,252,271,248,216
253,247,232,200,236,223,252,273,248,216
254,247,233,201,237,224,252,273,248,217
255,247,233,201,237,224,252,273,248,217
255,247,233,201,237,224,253,273,248,217
255,247,234,201,237,224,253,273,248,217
255,248,235,201,237,224,253,273,250,217
255,248,235,201,237,224,253,273,250,217
255,248,235,201,237,224,253,273,250,217
256,248,237,201,238,224,254,274,251,217
256,248,237,202,238,225,255,274,251,218
256,248,237,203,239,225,255,275,251,219
256,248,238,203,240,226,255,276,251,219
256,249,238,203,240,226,256,277,251,219
256,250,238,203,242,226,256,278,252,219
256,250,239,204,242,227,256,278,252,219
257,250,239,204,242,228,257,278,252,219
260,250,239,204,242,228,257,278,252,219
262,250,239,204,242,228,257,278,252,219
263,250,239,204,242,228,257,279,252,219
263,251,239,204,242,228,257,279,252,219
264,251,239,204,242,228,257,279,252,219
265,251,240,204,242,228,258,279,252,219
265,252,240,205,242,228,259,280,253,219
265,252,240,205,242,228,259,281,253,220
265,252,242,205,242,229,260,281,253,220
265,252,242,205,242,229,260,282,253,220
265,252,243,205,243,229,260,282,253,221
266,253,243,206,244,229,260,283,253,221
266,253,243,206,244,229,260,283,254,221
266,253,243,207,244,231,260,283,254,222
267,253,243,207,244,231,260,283,254,222
270,253,243,207,244,231,260,283,254,222
271,253,245,207,244,231,260,283,254,222
272,254,245,208,244,231,260,283,254,222
272,254,245,209,244,231,260,284,254,222
272,254,245,210,244,231,262,285,255,222
272,254,245,211,244,232,262,286,255,223
272,254,245,211,244,233,263,287,255,223
272,254,246,211,245,234,263,289,255,224
272,255,248,211,245,234,263,289,255,224
272,255,249,211,246,234,263,290,255,224
272,255,249,211,247,235,263,290,255,225
273,255,249,211,247,236,263,290,255,225
273,255,249,211,247,237,263,290,255,225
276,255,249,211,248,237,264,291,255,225
276,256,249,212,248,237,264,291,255,225
279,256,249,212,248,237,264,291,255,225
279,256,249,212,248,237,264,291,255,225
279,257,249,212,248,237,264,292,256,226
279,257,249,213,248,238,265,292,256,226
279,257,251,213,248,238,265,293,256,227
279,258,251,213,248,238,266,294,256,228
279,258,251,213,249,239,267,294,257,228
279,258,252,213,249,239,267,295,257,228
279,258,253,214,249,240,267,295,257,228
279,258,253,214,249,240,267,295,257,228
279,258,254,214,249,241,268,295,257,229
279,258,254,214,249,242,268,295,258,229
280,258,254,215,249,242,268,295,258,229
282,258,254,215,249,243,268,295,259,229
283,258,254,216,249,243,268,295,259,229
283,258,255,216,249,243,268,296,259,229
283,258,256,216,250,244,268,296,259,229
283,258,256,216,251,244,268,297,259,229
283,259,256,217,251,244,268,298,259,229
283,261,256,217,252,244,269,298,260,229
283,262,256,217,252,244,270,299,260,230
284,263,257,217,252,245,270,299,260,230
284,263,258,217,252,245,270,299,261,231
284,263,258,217,252,245,270,299,261,231
284,263,258,218,252,247,270,299,261,231
285,263,258,219,252,248,270,299,261,231
285,263,258,220,252,249,270,299,261,231
286,263,259,220,252,250,271,299,261,231
286,263,259,220,252,250,272,299,261,231
288,263,260,220,252,251,273,300,261,231
288,263,260,220,252,251,273,302,261,232
288,264,261,220,253,251,273,303,262,232
288,264,261,220,253,252,274,303,262,232
289,265,261,220,253,253,275,303,264,232
289,265,261,221,253,253,275,304,265,232
289,265,262,221,253,253,275,305,265,232
289,265,262,222,253,254,276,305,266,232
289,265,262,223,253,254,276,306,266,234
290,265,262,223,253,254,276,306,266,234
290,265,263,223,253,255,276,306,267,234
290,266,264,224,253,256,276,306,267,234
290,266,264,224,253,256,278,306,267,235
290,267,265,224,253,257,278,306,267,236
292,267,266,224,253,257,278,306,267,237
292,268,266,225,255,257,278,306,267,237
294,269,266,225,255,257,279,307,267,237
294,269,266,225,255,257,279,308,267,237
294,269,266,225,255,257,280,308,268,237
294,270,266,225,255,257,280,308,268,237
294,270,267,226,255,257,280,308,269,237
295,270,267,226,255,257,281,308,269,237
295,270,267,226,255,257,281,309,270,237
295,272,267,226,255,257,281,309,270,237
295,272,268,226,255,258,283,309,270,238
295,272,268,226,255,258,284,309,271,238
295,273,268,226,255,258,284,310,271,238
296,273,270,226,255,261,284,310,272,238
296,273,270,227,257,261,285,310,272,238
296,273,271,227,257,261,285,310,272,238
296,274,271,227,257,261,285,310,272,238
296,275,271,228,257,262,285,310,273,239
296,275,272,229,257,263,285,310,273,239
297,275,272,229,257,263,285,310,273,240
298,276,273,229,258,263,285,310,273,240
298,276,273,229,258,263,286,311,273,240
298,276,273,230,258,263,286,311,273,240
298,277,274,230,258,263,287,311,273,240
298,277,274,230,258,264,288,311,273,240
298,279,275,230,258,264,289,311,273,240
298,280,275,230,259,264,289,311,273,240
299,280,275,230,259,265,290,311,273,241
299,280,275,230,259,265,290,311,273,241
301,280,275,230,259,265,290,311,273,241
301,281,275,230,259,265,291,311,274,241
301,281,275,230,261,265,291,311,274,241
302,281,275,231,261,266,291,311,275,242
302,281,275,231,261,266,291,311,275,242
302,281,276,231,261,267,291,312,275,243
303,282,277,232,261,267,292,312,275,243
303,283,279,232,261,267,293,312,276,243
303,283,280,232,261,267,293,312,276,245
303,284,281,233,262,268,293,313,276,245
303,284,281,233,263,268,294,313,277,245
303,285,281,234,263,268,295,314,277,245
303,285,282,234,263,269,295,315,277,245
303,285,282,234,263,269,295,315,277,246
304,285,282,234,263,270,295,315,277,246
304,285,282,234,263,270,295,316,277,246
305,286,282,234,263,270,295,317,278,246
306,286,282,234,263,270,295,317,278,246
306,288,282,234,263,272,295,319,278,247
306,288,283,235,263,272,296,319,279,248
307,288,283,235,264,273,298,319,279,249
307,289,285,236,264,273,298,319,279,249
307,289,285,236,265,273,298,320,279,249
308,290,286,236,265,274,299,320,280,249
308,290,287,237,265,274,299,321,280,249
308,291,287,237,265,274,300,321,280,249
308,291,287,238,266,275,301,321,280,249
310,291,287,238,266,275,301,321,281,249
310,291,287,238,266,275,301,322,282,249
310,291,287,239,266,275,301,322,282,249
310,292,287,239,266,275,301,322,282,250
310,292,287,239,266,275,302,323,282,251
310,292,287,239,267,275,303,323,282,251
311,293,288,239,267,275,303,323,282,252
311,294,289,240,268,275,303,323,282,252
311,294,289,240,269,275,303,324,282,252
311,294,289,240,269,275,304,324,283,252
312,295,289,240,269,276,305,324,284,252
313,295,289,240,270,276,305,324,284,253
313,296,289,240,271,276,305,324,284,254
314,296,289,241,271,276,305,324,284,254
315,296,289,241,271,277,306,325,284,254
315,296,289,241,272,277,307,325,284,254
316,297,289,242,273,278,307,325,285,254
316,298,290,242,273,278,309,326,285,254
316,298,291,242,273,278,310,326,285,256
316,299,292,243,274,279,310,326,285,257
316,299,294,244,274,279,310,327,286,257
316,299,294,244,275,279,310,327,287,257
317,299,294,244,275,280,310,327,287,257
317,301,295,244,275,280,310,327,287,257
317,301,295,244,275,281,310,327,287,257
317,301,295,244,275,281,310,328,288,257
317,302,295,244,276,281,310,328,288,257
318,303,296,244,276,282,310,329,288,259
318,303,296,245,276,282,311,329,288,259
318,303,296,246,277,282,313,329,288,259
318,303,296,246,277,282,314,330,288,259
319,304,296,246,277,282,314,330,288,260
319,305,297,247,277,282,314,330,288,261
319,306,299,248,278,282,314,331,289,262
319,306,299,248,278,282,314,332,290,262
320,307,299,248,278,283,316,332,290,263
320,307,299,248,278,283,317,332,290,263
320,307,299,248,278,284,317,332,290,263
321,308,299,249,279,284,317,332,290,263
321,308,299,249,279,284,317,333,291,263
322,308,299,250,279,285,317,334,291,264
322,308,299,251,280,285,317,334,291,264
322,308,299,251,281,285,318,334,293,264
323,308,299,251,281,285,319,335,293,264
323,309,300,251,281,285,319,335,294,264
324,310,300,253,281,285,319,335,294,265
324,310,300,253,282,285,319,336,295,265
324,310,302,253,282,286,320,336,296,266
325,311,302,253,282,287,321,336,296,266
325,311,302,254,282,289,321,336,296,266
325,311,302,255,282,289,321,336,297,266
325,311,302,255,282,290,322,336,297,267
329,311,302,255,282,290,322,336,298,268
329,311,302,255,282,290,322,336,298,268
329,311,302,256,282,290,323,337,298,268
329,311,302,256,282,290,323,337,298,268
329,311,302,256,283,290,324,337,298,268
330,312,302,256,283,291,325,337,298,268
330,312,302,257,283,291,325,337,299,269
331,313,303,257,284,292,325,338,300,270
333,314,304,258,284,292,325,339,302,270
333,314,305,259,284,292,326,339,302,270
333,315,305,259,284,292,326,339,302,270
333,315,305,259,284,293,326,339,303,270
333,316,305,259,285,294,327,339,303,270
333,317,305,259,285,294,328,339,303,271
333,317,305,259,285,294,328,339,303,271
334,317,305,260,285,295,328,339,303,272
334,317,305,260,285,296,329,340,303,272
334,318,306,260,285,297,329,340,303,272
334,318,306,260,285,298,330,340,303,272
334,318,306,261,287,298,330,340,304,272
334,319,306,261,287,298,330,340,304,274
334,319,307,261,287,298,330,340,305,275
335,320,307,261,287,298,330,340,307,275
335,321,308,261,287,298,330,340,308,275
335,321,309,261,287,298,330,340,308,275
335,321,309,262,287,298,331,341,308,275
337,321,310,262,287,299,331,341,308,276
337,321,311,262,287,299,331,342,308,276
337,322,311,262,287,299,333,342,309,276
337,322,311,263,287,299,333,342,309,276
339,323,312,263,288,301,334,342,309,277
339,323,312,264,289,301,334,342,309,278
339,324,312,264,290,301,335,342,309,278
339,325,312,264,290,302,335,342,309,279
339,325,312,264,290,303,335,342,310,279
339,325,312,264,290,303,335,342,311,279
339,326,313,264,290,303,335,342,311,279
339,326,313,265,290,303,335,343,311,279
339,326,313,265,290,303,335,343,311,281
339,326,313,265,290,303,335,343,311,281
339,326,314,265,290,303,336,343,311,281
339,326,314,266,290,303,337,343,312,281
339,327,314,266,290,303,337,343,312,281
340,327,314,266,290,304,338,343,312,281
340,327,315,267,293,304,339,343,313,281
340,329,315,267,293,305,339,343,313,283
340,329,315,267,293,305,340,343,313,284
341,329,315,267,293,306,340,343,313,284
341,329,316,267,293,306,340,343,313,284
343,329,316,267,293,306,340,344,313,284
343,330,317,269,293,307,340,345,313,285
343,332,317,269,293,308,340,345,313,286
343,332,317,269,293,309,341,345,313,286
343,332,317,269,293,309,342,346,313,287
343,332,318,269,293,309,342,346,313,287
343,333,318,269,293,309,342,346,313,287
344,333,319,269,294,309,342,346,313,287
344,333,319,270,294,309,343,346,313,288
344,333,319,270,295,309,343,346,313,289
344,334,319,271,296,309,343,346,313,289
344,334,320,271,296,310,345,346,313,289
344,336,321,271,296,310,346,346,313,289
345,336,321,271,296,310,346,346,313,289
345,336,321,271,296,311,346,347,313,290
345,337,322,271,296,311,346,347,313,290
345,338,322,272,296,312,347,347,313,291
345,338,322,272,297,313,347,347,313,291
345,338,322,272,297,313,347,347,314,291
345,339,322,272,297,314,347,347,314,291
345,339,322,272,297,315,347,347,314,291
346,340,323,273,299,315,347,347,314,292
346,340,323,273,299,315,348,347,315,293
347,340,323,273,299,316,348,347,315,293
347,340,324,273,299,317,348,347,315,293
347,340,324,274,299,318,348,347,315,294
347,340,325,274,299,318,348,348,315,294
347,340,325,274,299,318,349,349,315,294
348,340,325,274,299,319,350,349,315,294
348,341,325,275,299,319,351,349,315,294
349,341,325,275,301,319,352,349,315,295
349,341,325,275,301,320,353,349,315,296
349,341,325,275,301,320,353,349,315,296
349,342,325,276,302,320,353,350,315,296
349,343,327,276,303,321,353,350,317,297
349,343,327,276,304,322,353,350,317,297
349,343,327,276,304,323,353,350,318,297
349,343,329,276,305,323,353,350,318,297
349,344,330,277,305,324,353,350,318,297
350,344,330,277,305,324,353,351,318,297
350,345,330,277,305,324,353,351,318,297
350,345,330,278,305,324,353,351,318,298
350,345,330,278,305,324,354,351,318,298
351,345,332,278,307,324,355,351,318,299
351,345,332,278,307,325,355,351,318,299
352,345,332,279,307,325,356,351,318,299
352,346,332,279,308,325,356,353,318,301
352,347,332,279,308,325,356,353,318,301
352,347,332,279,309,325,357,353,318,301
352,347,333,279,309,326,358,354,318,301
352,347,334,279,309,327,358,354,319,302
352,347,335,279,309,327,359,354,319,302
352,347,335,279,310,327,359,355,319,302
353,347,336,279,310,327,360,355,319,302
353,347,336,279,310,328,361,355,319,302
353,347,336,279,310,329,361,355,319,302
353,347,336,280,312,330,361,355,319,302
354,348,336,280,312,330,362,355,319,302
354,348,337,280,313,330,362,355,319,302
355,348,337,280,313,330,363,357,319,303
355,348,337,281,315,330,363,357,319,305
356,349,338,282,315,330,363,357,319,305
357,350,338,282,315,330,363,357,319,305
357,351,339,282,316,331,363,357,319,305
357,351,339,282,316,331,363,357,319,305
357,351,339,282,316,331,365,358,319,305
357,351,339,282,316,332,365,359,319,305
357,351,340,282,316,333,365,359,319,306
357,351,341,282,316,333,365,359,319,306
357,351,341,282,316,334,365,359,320,307
358,352,341,283,316,334,367,359,321,307
358,352,341,283,316,334,367,360,321,307
358,352,341,283,316,334,369,361,321,308
358,352,341,283,317,334,369,361,321,309
360,352,341,283,318,334,369,361,322,310
360,353,342,283,318,335,369,361,322,310
360,353,343,283,318,336,369,361,322,310
360,353,343,284,318,336,369,362,323,310
361,353,343,285,318,337,371,362,323,311
361,354,343,285,319,337,371,362,323,311
361,354,343,285,319,337,371,362,323,311
361,355,343,286,319,339,371,362,323,311
361,356,343,287,320,339,371,362,324,311
361,356,343,287,320,339,371,362,325,311
362,357,343,289,320,340,371,364,325,311
362,357,344,289,320,340,373,365,325,311
362,357,345,289,320,341,373,365,325,312
363,357,347,289,321,341,373,365,326,312
364,357,347,289,321,341,373,365,326,313
365,358,347,289,323,341,373,365,326,313
365,359,347,290,324,341,373,366,326,314
365,359,347,291,324,341,375,366,326,314
365,360,348,291,324,342,375,366,326,314
365,360,348,291,324,343,375,366,326,314
366,360,348,292,324,344,375,366,326,316
366,361,348,292,324,344,375,366,327,317
366,361,348,292,324,344,375,367,327,317
366,361,348,292,325,344,375,368,327,317
366,362,349,293,326,344,375,368,327,317
367,362,350,294,326,344,375,368,328,317
367,362,350,294,327,345,375,368,328,317
367,362,350,294,327,345,375,368,328,318
368,362,350,294,327,345,375,368,328,318
369,362,351,294,327,346,376,368,328,318
369,362,351,294,328,346,376,368,328,318
370,363,351,295,329,347,376,368,328,318
370,363,351,295,329,348,376,368,328,318
370,363,351,295,329,350,376,368,328,319
371,363,352,298,330,350,376,368,328,319
371,365,352,298,330,350,376,368,328,319
371,366,352,299,330,350,376,369,328,320
371,367,352,300,331,350,376,369,328,322
371,368,353,300,331,350,376,370,328,322
372,368,354,301,331,350,376,370,328,324
372,368,354,301,331,351,376,370,328,324
372,369,355,301,332,351,376,372,328,324
372,369,355,301,333,351,377,372,328,325
373,370,356,301,333,351,377,372,329,325
374,370,356,301,333,352,378,372,329,325
375,370,356,301,334,353,379,372,329,325
375,370,356,302,336,353,379,372,329,325
375,372,358,302,336,354,379,372,329,325
375,372,359,302,336,354,379,373,329,325
375,373,359,302,337,354,381,373,329,325
375,374,359,303,337,355,381,373,329,326
375,374,360,303,338,355,381,373,330,327
375,375,361,303,338,355,381,373,330,328
377,375,361,305,338,355,381,374,330,328
377,375,361,305,338,356,381,374,330,328
377,376,361,306,338,356,382,374,330,328
378,377,361,306,339,357,383,375,330,329
378,377,361,306,339,357,383,375,330,330
379,377,361,306,340,359,383,375,331,330
379,377,361,306,341,359,383,375,331,331
380,377,361,308,341,359,384,376,332,331
380,377,361,309,343,359,385,377,332,331
380,377,361,309,344,360,387,377,332,331
380,379,361,310,345,360,387,377,334,331
380,379,362,310,345,360,387,377,334,331
380,380,362,310,345,360,387,377,334,333
380,382,363,310,345,360,388,378,334,333
380,382,364,311,345,361,389,378,334,333
380,382,367,311,345,362,389,378,334,334
380,382,367,311,345,362,389,378,334,335
380,383,367,311,345,362,389,378,334,335
380,384,367,311,346,363,389,378,334,335
380,384,367,311,346,363,389,378,334,335
381,384,368,311,346,363,391,378,335,336
382,384,368,311,346,363,391,378,335,337
383,384,368,311,346,363,392,378,335,337
383,385,368,311,347,363,392,378,337,337
383,385,368,313,348,364,393,378,337,337
384,385,368,313,349,364,393,379,337,337
384,385,368,314,350,364,393,379,337,337
384,386,369,314,351,364,395,379,337,337
384,386,371,315,351,365,395,380,338,338
384,386,371,315,351,365,396,380,338,339
384,386,371,315,351,365,398,380,338,340
384,386,372,315,352,365,398,380,338,341
385,386,372,315,352,366,398,381,338,342
385,386,373,315,352,367,398,381,339,342
385,386,373,315,352,367,398,381,341,342
385,386,375,316,352,368,398,381,341,343
385,386,375,316,352,368,399,381,342,343
385,387,375,317,354,368,399,381,343,343
385,387,375,318,355,368,399,382,343,343
385,388,375,319,355,368,400,382,343,343
385,388,375,320,356,368,400,382,343,343
386,388,377,321,356,369,400,382,343,343
386,388,377,322,357,369,400,382,343,345
386,388,377,322,357,369,400,382,343,346
386,388,377,322,357,369,400,382,343,347
387,389,378,322,358,369,400,384,343,347
387,389,378,322,358,369,400,384,343,347
387,389,378,322,358,369,401,384,343,347
387,389,378,322,358,371,401,384,344,347
387,389,378,322,358,371,401,384,344,347
387,389,378,323,359,371,401,385,344,347
387,389,379,323,359,371,401,385,344,348
387,390,379,323,359,371,403,385,345,349
387,390,379,324,359,372,403,385,345,349
387,390,379,324,360,373,403,385,345,350
387,390,380,325,360,374,403,386,345,350
387,391,380,326,360,375,403,386,346,350
388,391,380,326,360,376,403,386,346,352
388,391,381,326,360,376,403,387,346,352
389,394,381,326,361,376,403,387,346,352
389,394,381,327,361,376,403,387,346,352
390,395,381,327,361,376,403,387,347,352
391,395,381,328,361,376,404,387,347,352
392,395,381,329,361,377,405,388,347,352
392,395,381,329,362,377,405,388,347,352
392,396,381,329,362,377,407,388,347,353
392,396,381,330,362,378,407,388,347,353
392,397,381,330,362,379,407,389,347,354
392,397,381,330,362,379,407,389,348,354
392,397,381,330,363,380,407,390,348,355
392,397,382,331,365,380,407,391,348,355
392,397,384,332,366,380,407,391,348,356
394,397,384,332,366,380,407,391,348,357
395,397,384,333,367,380,408,391,348,357
395,399,384,333,367,380,409,391,349,358
395,399,384,334,367,380,409,392,349,358
396,399,384,334,368,380,409,392,349,358
396,400,384,335,369,380,409,392,349,359
396,400,384,335,369,381,410,392,349,359
397,400,384,336,369,382,410,392,349,359
397,402,384,336,369,382,410,392,349,359
397,402,384,336,369,382,410,393,349,359
398,404,385,336,369,383,411,393,349,359
398,404,385,337,369,383,411,393,349,361
398,404,385,337,371,384,411,393,350,363
398,404,385,337,371,384,413,393,350,363
399,405,385,337,371,384,413,393,352,363
399,405,385,337,371,385,413,394,353,363
400,405,386,338,372,385,413,395,353,364
401,406,386,338,373,385,413,395,353,364
401,407,386,339,373,385,413,395,353,364
401,407,386,339,374,386,413,395,353,364
401,407,386,340,374,386,413,395,353,366
401,408,386,340,374,387,414,396,353,366
401,408,386,340,374,388,414,396,353,366
401,408,386,340,374,388,415,398,353,366
401,409,387,340,375,388,415,398,353,366
402,410,387,340,375,388,415,398,354,368
402,411,387,340,375,389,415,398,354,368
402,411,388,340,375,390,416,398,355,369
402,412,388,340,375,390,416,398,357,369
402,412,389,340,375,391,416,398,357,369
402,413,389,340,375,391,416,398,357,369
404,414,389,341,376,392,417,398,357,369
405,414,390,341,378,392,419,399,357,369
405,414,390,341,378,392,419,399,357,370
405,414,390,341,378,392,419,399,357,370
405,415,391,342,378,393,419,399,357,370
405,415,393,343,378,394,419,399,357,370
406,417,394,343,379,394,419,400,357,370
406,417,394,343,380,394,419,401,357,371
406,417,394,343,380,394,419,402,357,371
406,418,394,344,380,394,419,402,358,371
406,418,394,344,381,394,419,402,358,371
406,418,394,344,382,395,420,402,360,371
406,418,394,344,383,395,421,403,361,371
408,419,395,344,383,396,421,403,361,371
408,419,395,344,383,397,423,404,361,371
408,419,395,344,384,397,425,404,362,372
408,419,395,344,384,398,426,404,362,372
408,419,395,344,384,398,426,404,362,372
408,421,397,345,384,399,426,404,362,372
408,422,397,345,384,399,427,404,362,374
408,423,397,345,384,399,427,404,362,374
409,423,397,345,384,399,427,404,363,375
409,424,398,346,384,399,427,405,363,375
410,424,398,346,384,399,427,405,363,375
410,424,399,346,384,400,428,405,363,375
410,425,399,347,384,400,428,405,363,375
411,426,399,348,385,401,428,405,363,375
411,426,399,348,386,402,429,405,363,376
411,426,399,348,386,402,429,405,364,377
411,427,399,348,386,402,430,405,364,377
411,427,399,348,386,402,430,405,364,377
411,427,400,348,386,402,431,405,364,377
411,427,400,349,387,403,431,405,364,379
412,428,400,349,387,403,431,405,364,379
412,428,400,349,388,403,431,405,365,379
412,428,400,349,389,404,431,406,365,379
412,428,400,350,389,404,431,407,365,379
413,429,401,350,389,404,431,408,365,379
413,431,401,351,389,405,431,410,365,379
414,432,402,351,389,405,431,410,365,379
414,432,402,351,389,405,432,410,366,379
414,433,402,352,389,407,432,410,366,379
415,433,402,352,391,407,433,410,366,380
416,433,403,352,391,408,433,410,366,380
416,433,404,352,391,409,433,411,366,380
416,433,404,353,391,409,435,411,366,382
418,434,404,353,392,409,435,411,366,383
418,435,404,354,392,409,435,411,367,383
418,435,404,354,393,409,435,411,368,383
418,435,404,355,393,409,436,411,368,383
418,435,404,355,393,409,436,411,368,383
418,435,404,355,393,409,437,412,368,383
419,435,404,355,393,410,437,412,368,383
419,435,404,355,394,411,439,412,368,383
419,435,404,355,394,411,439,412,370,383
419,436,405,355,394,411,440,412,370,383
419,437,405,355,395,412,441,412,370,383
419,437,406,355,395,413,441,412,370,383
419,438,406,355,395,414,441,412,370,384
420,438,406,355,395,415,442,412,370,384
420,438,406,355,395,415,442,412,371,385
420,439,406,356,395,415,442,413,372,385
420,439,406,356,395,415,442,413,372,385
421,439,406,356,395,415,442,413,373,385
422,439,407,356,395,416,443,413,373,385
423,439,407,356,395,416,443,413,373,385
423,439,407,356,396,416,444,414,373,385
424,439,407,356,397,416,444,414,373,385
424,439,407,356,398,416,445,415,373,385
424,439,407,356,398,416,446,415,374,386
424,439,407,356,398,416,446,415,374,386
424,440,409,356,398,418,446,415,375,386
424,440,409,356,398,418,446,415,376,386
425,440,409,356,398,418,446,415,376,387
426,440,409,357,398,418,447,417,376,387
426,441,409,358,398,419,447,417,376,387
427,441,411,358,398,419,447,417,376,387
428,441,411,360,399,419,447,417,377,388
428,441,411,360,399,420,447,417,377,388
429,442,411,360,399,421,447,417,377,388
429,443,411,360,399,421,448,417,377,388
429,443,411,360,400,421,449,418,377,388
429,443,411,360,400,421,449,418,377,389
429,443,412,360,402,423,449,419,378,389
429,443,412,360,402,424,450,419,378,390
429,443,412,360,402,424,450,419,379,390
429,444,412,360,402,425,450,419,381,390
429,444,412,361,402,425,450,420,381,391
429,444,413,361,402,425,450,420,381,391
430,444,414,361,402,425,450,421,381,391
430,445,415,362,402,425,450,421,381,392
430,445,415,362,402,426,451,421,381,392
430,445,416,362,402,426,451,421,381,393
430,445,416,362,402,426,452,422,381,393
430,445,416,362,403,426,452,422,381,393
430,446,416,362,404,426,453,422,382,393
430,447,416,362,404,426,453,422,382,395
431,447,417,362,404,426,453,422,382,395
431,447,417,362,404,426,454,422,383,395
431,447,417,363,404,426,454,422,383,395
431,448,417,363,404,427,454,424,383,395
431,448,418,364,405,428,454,424,384,396
432,448,418,365,405,428,454,424,384,396
432,448,419,365,405,428,454,425,384,396
432,448,419,367,406,428,456,425,384,396
432,448,419,367,406,429,456,426,385,396
432,448,419,367,406,430,457,427,385,396
432,448,420,367,406,430,458,427,385,396
432,448,420,367,406,430,458,430,385,397
433,449,420,367,407,430,458,430,385,398
433,449,420,367,407,430,458,431,385,398
433,450,420,367,407,430,458,431,385,399
433,450,420,368,407,430,458,431,385,399
433,452,420,369,407,430,458,431,385,399
433,453,421,369,407,431,458,431,385,400
434,453,421,369,407,431,458,431,385,400
434,453,421,369,407,432,458,432,386,400
434,453,421,369,407,432,459,432,386,400
435,454,422,370,407,433,460,432,386,400
435,454,423,371,407,433,463,432,388,400
436,454,424,371,409,433,463,432,389,400
437,454,424,371,409,433,463,432,389,400
437,454,424,371,410,434,463,432,389,401
437,454,424,371,411,435,463,432,390,401
437,455,424,371,411,436,463,432,390,401
438,455,424,372,411,436,464,433,390,401
438,455,424,372,411,436,465,434,390,401
438,455,424,374,411,436,465,434,390,401
438,458,424,374,411,437,465,435,390,402
438,459,424,374,411,437,465,435,390,402
438,459,424,375,411,438,466,435,391,402
439,461,424,375,411,438,466,435,392,403
439,461,426,375,412,438,467,437,394,404
441,461,427,376,412,438,468,437,395,404
441,461,427,376,412,438,468,437,395,404
441,461,427,376,412,438,468,437,395,405
441,462,427,376,413,438,468,437,395,405
441,462,427,376,413,439,468,437,395,405
441,462,427,377,413,440,468,437,395,405
441,462,427,377,413,440,468,438,396,405
442,462,427,378,413,441,468,439,396,405
442,462,427,378,414,442,469,439,396,406
443,463,427,378,414,443,470,439,396,406
443,463,427,378,414,443,471,441,397,406
443,463,428,378,414,444,471,441,397,407
444,465,429,378,414,446,472,441,397,407
444,465,429,378,414,446,472,441,400,407
444,465,430,379,414,447,472,441,400,407
444,466,430,379,414,447,472,442,400,408
444,466,431,379,414,448,472,442,401,408
444,466,431,380,415,448,472,442,401,408
444,466,431,380,415,448,472,442,401,409
444,466,431,380,415,448,472,442,401,409
445,466,431,380,415,449,472,442,401,409
445,467,431,380,417,450,473,443,402,409
445,468,431,380,417,450,473,444,403,409
445,468,431,381,417,451,473,446,404,409
445,468,432,381,417,451,473,446,404,409
446,469,432,381,417,451,473,446,404,409
446,471,432,381,417,451,473,446,405,409
447,471,432,382,417,452,473,447,406,410
448,471,432,383,417,452,474,447,406,411
448,472,434,383,417,453,474,447,407,411
448,472,434,383,419,455,476,448,407,412
448,472,434,383,419,455,477,448,407,412
448,472,434,383,419,455,477,449,407,412
450,472,435,383,419,455,477,449,407,412
450,473,435,383,419,456,478,449,407,412
450,473,436,383,419,456,479,450,407,412
450,474,437,383,419,456,480,451,407,412
450,474,438,383,419,456,480,451,409,412
450,475,438,383,419,456,480,451,409,413
451,476,438,384,419,457,480,452,409,413
451,476,438,384,419,457,480,452,411,414
452,476,438,385,419,457,480,452,412,415
453,476,439,385,419,457,480,452,413,415
454,476,441,385,419,459,481,452,413,416
454,476,441,385,419,459,481,452,413,416
455,477,441,386,419,459,481,453,413,416
456,478,441,386,419,459,481,454,413,416
457,478,441,386,419,459,481,454,413,416
457,479,441,386,419,461,482,454,413,416
458,479,441,386,419,461,483,455,415,416
458,479,441,386,419,461,485,455,415,416
459,480,441,386,419,461,485,455,415,416
460,480,442,387,420,461,485,455,415,416
460,480,442,387,420,461,486,455,415,417
460,481,443,388,420,461,486,455,415,417
460,481,443,389,420,461,486,456,415,418
461,481,443,389,420,462,487,456,416,418
461,481,444,389,420,462,487,456,416,418
462,481,444,389,421,462,487,457,417,419
462,482,444,389,421,462,488,458,419,420
462,482,444,391,421,463,489,458,419,420
462,483,445,391,421,463,489,458,420,420
462,483,445,392,421,463,490,459,421,420
463,483,445,392,421,463,491,460,421,420
464,485,445,392,421,463,491,460,421,420
464,485,445,393,421,463,491,460,421,420
465,485,445,393,421,463,491,461,421,420
466,485,445,393,421,463,491,462,422,420
467,485,446,394,422,463,491,462,422,420
467,485,446,394,423,463,491,462,422,420
467,485,446,394,423,464,491,462,422,420
467,485,446,394,423,464,491,462,423,420
467,486,447,394,423,465,491,463,424,420
467,486,447,395,423,465,492,463,424,421
467,487,447,395,423,465,493,463,424,421
467,487,447,396,423,465,494,463,424,422
467,488,447,396,424,465,494,463,424,422
467,489,447,397,424,465,494,463,425,422
467,490,447,397,424,465,494,463,425,423
467,491,448,397,424,465,494,463,426,423
467,491,449,397,424,465,494,464,426,424
467,491,449,398,424,465,494,464,426,424
467,491,449,398,426,465,495,465,426,424
467,491,450,399,426,465,496,466,426,424
467,491,450,399,426,465,496,466,426,425
467,492,450,399,426,465,496,466,427,425
467,492,450,399,427,465,496,466,427,426
467,492,450,399,427,466,496,466,427,426
467,492,450,399,427,467,497,466,428,426
467,493,450,399,427,467,497,467,428,426
467,494,451,399,427,467,497,468,428,426
467,494,451,399,427,468,497,468,429,427
467,495,451,399,428,468,497,468,429,427
467,496,451,400,428,469,497,470,429,427
467,497,451,400,428,469,497,470,429,427
467,497,452,400,428,469,497,471,430,427
468,497,452,400,428,469,498,472,432,427
468,497,452,400,428,469,498,472,432,427
468,498,452,400,428,469,498,473,433,427
468,499,452,400,428,469,498,473,434,428
468,499,452,400,428,469,498,473,434,428
468,499,452,400,428,469,499,473,434,428
468,499,452,400,428,469,499,473,435,428
468,499,452,400,428,469,499,473,435,429
468,500,452,400,428,469,499,473,436,429
468,500,452,400,428,469,499,473,439,429
468,500,452,401,428,469,499,473,439,429
468,500,452,401,428,469,500,473,439,429
468,500,453,402,428,469,500,473,439,429
470,500,454,402,428,469,501,473,440,429
470,501,454,402,429,469,502,475,441,430
470,502,454,402,429,469,503,475,441,430
470,502,454,402,429,469,503,476,441,430
470,502,455,402,429,469,503,476,441,430
470,502,455,402,429,469,503,476,442,430
470,502,455,402,429,469,503,477,442,430
470,502,455,402,429,469,503,478,442,431
470,502,456,402,429,469,504,478,443,432
470,503,456,402,429,470,504,480,444,432
470,503,457,403,429,470,504,481,444,432
471,503,457,404,429,470,504,481,444,433
471,503,457,404,430,471,504,481,445,433
472,503,458,404,431,471,504,481,446,433
473,504,459,404,431,471,504,481,446,433
473,504,459,404,431,471,505,481,448,434
473,505,460,404,431,471,505,482,448,434
473,505,460,404,431,472,505,483,448,434
473,505,460,404,431,472,505,483,448,434
473,505,460,404,432,472,507,483,448,434
475,505,461,404,432,472,507,483,448,434
475,505,461,405,432,473,507,483,448,435
475,505,462,405,432,473,507,483,448,435
475,505,463,405,433,473,507,483,448,435
475,505,463,406,434,473,507,483,449,435
476,505,464,406,434,473,507,484,449,435
476,505,464,407,434,473,507,484,449,436
476,507,464,407,434,473,507,484,450,436
476,507,464,407,434,473,508,484,451,437
476,507,464,407,434,474,508,484,452,437
476,507,465,407,434,474,508,485,453,438
476,508,467,408,434,474,508,486,453,439
477,509,467,408,434,474,508,486,453,439
477,509,468,408,434,474,508,486,454,439
477,509,468,410,435,475,508,486,454,439
477,509,468,410,436,475,508,487,455,439
477,511,468,410,436,477,508,487,455,440
477,511,469,410,437,477,508,487,455,440
477,511,470,410,437,477,508,487,455,440
477,511,470,411,437,477,508,488,455,440
477,511,470,411,437,477,508,488,456,440
477,512,470,411,437,478,509,488,457,440
477,512,470,411,437,478,509,488,458,441
477,512,470,411,437,478,509,488,458,441
478,512,470,411,437,479,509,488,459,441
478,512,471,412,437,479,509,488,459,442
478,512,471,413,437,479,509,489,460,442
478,512,471,413,437,479,509,490,462,442
478,512,471,413,438,480,509,491,462,442
478,512,472,413,440,480,509,491,462,442
478,514,473,413,440,481,509,491,462,443
478,514,473,413,440,481,510,491,462,443
478,514,473,413,440,482,510,491,462,444
478,514,473,414,440,482,511,492,463,444
478,515,473,414,440,482,511,492,463,444
478,515,473,415,440,482,511,492,463,444
478,516,473,415,441,483,511,492,463,444
478,516,473,415,441,483,511,492,463,444
478,516,473,415,441,483,511,492,463,445
478,516,473,416,442,483,511,492,464,445
478,516,474,416,442,483,511,494,464,446
478,516,474,416,443,484,511,494,465,446
478,517,475,416,443,484,511,494,465,447
478,518,475,416,444,485,511,494,465,447
479,518,475,416,444,485,511,495,466,447
479,518,476,416,444,485,511,495,466,447
479,519,476,416,444,485,511,496,466,447
479,521,476,416,444,485,511,496,466,447
479,521,476,416,444,485,512,496,467,448
479,521,477,416,444,485,512,497,467,448
479,521,478,416,444,485,512,497,467,448
479,521,478,416,444,485,513,497,467,449
479,521,478,418,444,485,513,497,468,449
479,521,478,418,444,485,513,498,468,449
479,521,479,418,444,486,513,499,468,449
479,521,479,418,444,486,513,499,468,449
479,522,480,418,444,486,513,499,468,449
479,522,480,418,444,486,513,499,469,450
479,523,481,418,444,486,513,499,470,450
479,523,481,418,444,486,513,499,471,451
479,524,481,418,444,486,513,500,471,451
479,524,481,418,444,486,514,501,473,452
479,525,481,419,444,486,514,501,473,452
479,525,481,419,444,486,514,501,473,453
479,525,482,419,444,486,514,501,473,453
479,525,483,419,444,486,514,501,474,453
479,525,483,420,444,486,514,501,474,453
479,525,483,421,444,487,514,501,474,453
479,526,483,421,444,487,514,502,474,453
479,528,483,422,444,488,514,502,474,453
479,528,484,423,444,488,514,503,475,453
479,528,485,423,444,488,514,503,475,453
479,528,486,423,444,488,514,504,475,453
479,529,486,423,444,488,514,505,475,453
479,530,487,423,445,489,515,506,475,453
479,532,487,423,445,489,516,506,476,453
479,532,487,423,445,489,516,506,476,453
479,532,487,423,446,489,516,506,476,453
479,532,487,424,446,489,516,507,476,453
480,532,488,425,446,489,516,508,476,453
480,532,488,426,446,490,516,509,476,453
480,532,488,426,446,491,516,509,477,453
480,532,488,426,446,491,516,509,478,453
480,532,488,426,446,492,516,509,479,453
481,532,488,426,446,492,516,509,479,453
481,533,488,426,446,492,516,510,479,453
481,533,488,426,446,492,516,511,479,454
481,533,488,427,446,493,516,512,480,455
481,535,488,429,447,493,517,513,480,455
481,536,488,429,447,493,517,513,480,455
481,536,488,429,447,493,518,513,480,455
481,536,488,430,447,493,519,513,480,455
481,536,489,430,447,493,519,513,480,455
481,537,490,431,447,493,519,513,481,455
481,537,490,431,447,495,519,513,481,456
482,537,490,431,447,495,519,513,482,456
482,537,490,431,447,496,519,514,483,456
482,538,490,431,448,496,519,514,483,457
484,538,490,431,449,496,519,514,483,457
484,538,490,431,449,496,519,515,484,458
484,539,490,431,449,497,519,515,484,458
484,540,490,433,450,497,519,515,484,458
484,540,491,433,450,497,519,516,484,458
484,540,491,433,450,497,520,516,484,458
484,540,491,434,450,497,520,516,484,458
484,541,491,434,450,497,520,517,484,458
484,541,492,434,450,497,520,517,484,458
485,541,493,434,450,497,520,517,484,458
485,541,493,434,450,497,520,517,484,458
485,542,494,434,450,498,520,517,485,459
486,542,494,434,450,498,520,517,485,459
486,542,494,434,450,498,520,517,485,459
486,542,494,435,450,499,520,520,487,459
486,543,494,437,450,499,520,520,487,460
487,543,494,437,451,500,520,520,487,460
487,543,494,437,451,500,520,520,488,460
487,543,494,437,451,500,521,520,489,460
487,543,495,438,451,500,522,520,489,460
487,543,495,438,451,500,522,521,489,460
487,543,496,438,451,500,522,521,489,460
487,543,496,438,451,500,522,521,489,460
487,543,496,438,452,500,522,521,489,460
487,543,496,438,452,500,522,521,489,460
487,543,497,438,452,500,522,521,489,461
487,543,497,438,452,500,522,522,489,462
487,543,497,438,452,501,522,523,490,462
487,545,497,439,452,501,522,523,491,462
488,545,497,440,453,501,522,523,491,462
488,545,497,440,453,501,522,523,492,462
488,545,497,440,453,501,522,523,492,463
488,545,497,441,453,501,522,524,492,464
488,545,497,441,453,501,522,524,492,464
489,545,498,441,453,501,522,524,492,464
490,545,498,441,453,501,523,524,492,464
490,545,498,441,453,501,524,524,493,464
490,545,498,441,453,501,524,524,493,464
490,545,498,441,453,501,525,524,493,464
491,545,499,441,453,501,525,524,493,464
491,545,499,441,453,503,525,524,494,465
491,547,499,441,453,503,526,525,494,465
492,547,499,441,453,504,526,525,495,465
492,548,499,441,453,504,526,525,495,465
492,548,499,442,454,504,526,526,496,466
492,548,499,443,454,505,526,528,496,467
492,548,499,444,455,505,526,528,496,467
492,550,499,444,455,505,526,528,496,467
492,550,499,444,455,505,526,528,496,467
492,551,499,444,456,505,526,528,496,467
492,551,499,445,456,505,526,528,496,468
492,551,499,445,458,505,526,528,496,469
493,551,499,446,458,505,527,529,496,469
493,552,499,446,458,506,527,530,496,469
493,553,499,446,458,506,528,530,497,469
494,553,499,446,458,507,528,531,498,470
494,554,499,446,458,508,530,531,498,470
494,554,500,446,459,508,531,531,499,470
494,554,500,446,459,508,531,531,499,470
494,554,500,446,459,509,531,531,499,470
494,554,501,447,459,509,531,531,499,470
494,554,501,448,459,509,531,531,499,470
494,554,501,448,460,510,531,531,499,470
494,554,501,448,460,510,531,531,499,470
494,554,501,448,460,510,531,531,499,470
495,554,501,449,460,510,531,532,499,470
495,554,501,449,460,511,531,532,500,471
496,554,501,449,460,511,531,533,501,471
497,554,501,449,460,512,531,533,501,471
497,554,501,450,460,512,531,533,502,472
497,554,502,450,460,512,531,533,503,473
497,554,502,450,460,512,533,533,504,473
497,554,502,450,461,512,534,533,504,473
498,554,502,450,461,512,534,533,504,474
498,554,504,450,461,512,534,533,504,474
498,554,504,450,461,512,535,534,504,475
498,555,504,451,461,512,535,534,504,476
498,555,504,451,461,512,537,535,504,476
499,555,504,451,461,513,537,536,504,476
499,555,504,451,461,513,537,536,505,476
499,556,504,451,461,513,537,537,505,476
500,556,504,451,461,513,537,537,505,476
500,556,504,451,461,513,537,537,505,476
500,556,504,451,461,513,537,537,505,476
500,556,504,451,461,513,538,537,506,477
500,557,504,451,462,513,538,538,507,477
500,557,504,451,462,513,538,538,507,477
501,558,504,451,462,513,538,538,507,477
502,558,504,451,462,514,538,539,508,477
502,559,505,451,462,514,541,539,509,477
502,559,505,453,462,514,542,539,509,477
502,560,505,453,462,515,542,540,509,477
502,560,505,455,462,515,542,540,510,477
502,560,505,455,462,515,542,541,511,477
503,560,505,455,462,515,542,541,512,478
503,560,505,455,462,515,542,541,512,478
503,560,505,455,462,515,542,541,512,478
503,560,505,455,462,515,542,542,512,478
503,560,505,455,462,515,542,542,512,478
503,560,505,455,462,515,542,542,513,478
503,561,505,455,462,515,542,543,513,478
504,561,506,455,462,515,542,543,513,478
504,562,506,455,462,515,542,543,513,478
504,562,506,455,462,515,542,543,513,478
504,562,506,455,462,516,543,544,514,478
504,563,506,455,462,516,543,544,515,478
504,563,506,455,462,516,543,545,516,479
504,564,506,455,462,516,544,546,516,480
504,564,507,455,462,516,545,546,516,480
504,564,508,455,462,516,545,546,516,480
504,564,508,455,462,516,545,546,516,480
504,564,508,455,462,516,545,546,516,480
504,564,508,455,462,516,545,547,516,481
504,564,508,456,462,516,545,547,517,481
505,564,508,456,462,517,545,547,517,481
505,564,508,456,462,517,545,547,517,481
505,564,508,456,462,518,546,547,518,481
505,565,508,456,462,518,546,548,519,481
505,565,508,456,462,518,546,549,521,481
505,565,508,456,462,518,546,549,521,482
505,565,508,456,462,518,548,549,521,482
505,566,510,456,462,518,549,549,521,482
505,567,510,457,463,518,550,549,521,482
505,567,510,457,464,518,550,549,521,482
505,567,510,457,464,518,550,549,521,482
505,567,510,457,464,518,550,549,521,482
506,567,510,457,465,518,550,550,521,484
506,568,510,457,465,518,551,552,521,485
506,568,510,458,465,518,551,553,522,485
506,568,511,458,465,519,551,553,522,485
506,568,511,458,465,520,551,554,523,485
506,569,511,458,465,521,551,555,524,485
506,569,511,458,465,521,551,555,525,485
506,569,511,459,465,521,551,555,525,485
506,569,511,459,465,521,551,556,525,485
506,569,512,459,465,521,551,556,525,485
506,569,513,459,465,522,552,556,526,485
506,569,513,459,465,522,552,556,526,485
507,571,513,460,466,522,552,556,526,485
509,571,513,460,467,522,552,556,526,485
509,571,514,460,467,522,552,557,526,485
510,571,514,461,467,523,552,558,526,485
510,571,514,461,468,523,552,558,528,485
510,571,514,461,468,523,552,558,529,486
510,571,514,461,468,523,552,559,529,486
510,572,514,461,468,524,552,559,530,487
510,572,514,461,468,524,555,559,530,487
510,572,515,461,469,524,556,559,530,488
510,572,515,461,469,524,556,559,530,488
510,572,516,461,469,524,556,559,530,488
511,572,517,461,469,525,558,559,530,488
512,573,518,461,469,525,558,559,530,488
512,573,518,462,470,525,558,559,530,489
512,575,518,463,471,525,558,559,530,489
512,575,518,463,471,526,558,559,530,489
512,575,519,463,471,526,558,559,531,489
512,575,519,463,471,527,558,559,531,489
512,576,519,463,471,527,558,559,531,489
512,576,519,463,471,527,558,559,531,489
513,576,519,463,471,527,560,560,531,489
513,576,520,463,473,528,560,560,531,490
513,577,520,463,473,528,561,561,532,492
513,577,521,463,473,528,561,561,532,492
514,578,521,463,473,528,561,561,532,492
515,578,521,464,474,529,561,561,532,492
515,579,522,464,474,529,561,563,532,494
515,580,522,464,474,530,561,564,532,494
515,580,522,465,474,530,561,564,534,494
515,580,522,465,474,533,561,564,534,494
515,580,522,465,474,533,561,565,534,494
515,580,522,465,474,533,562,565,534,494
515,580,522,465,475,533,562,566,534,494
515,580,522,465,475,533,564,566,535,494
517,580,522,465,475,533,564,566,535,494
517,581,522,465,475,533,564,567,536,494
517,581,523,466,475,534,564,567,536,495
518,581,523,466,475,534,564,567,536,495
519,582,524,466,475,535,566,567,536,496
519,583,524,466,476,535,566,567,536,496
519,583,524,466,476,535,567,567,536,497
519,584,524,466,476,535,567,567,538,497
519,584,524,466,477,535,567,567,538,498
519,584,525,466,477,535,567,567,538,498
519,585,525,467,477,535,567,567,538,498
519,585,526,467,479,535,567,567,538,498
520,585,526,467,479,536,568,567,538,498
520,585,526,467,479,536,569,567,538,498
520,586,527,467,480,536,569,567,539,498
521,586,528,467,480,536,569,568,540,498
522,586,528,467,480,536,569,568,541,498
522,586,528,467,480,536,569,569,541,498
522,588,529,468,480,536,570,569,541,498
522,588,529,468,480,537,570,569,541,499
522,588,529,468,480,537,570,569,541,499
522,588,529,468,480,537,570,569,543,500
522,588,529,468,480,537,570,569,543,501
522,588,529,469,480,537,570,569,543,501
522,588,529,469,481,538,570,569,544,501
523,589,529,469,481,538,571,569,544,501
524,589,530,469,481,538,572,569,544,501
524,589,530,469,482,539,572,569,544,501
525,590,530,469,482,539,572,569,546,502
526,590,530,469,482,539,572,569,548,502
526,590,530,470,482,539,574,569,548,502
527,590,531,470,482,540,574,570,548,502
527,590,531,470,482,540,574,570,548,502
527,591,531,470,483,540,574,570,548,502
527,592,531,470,483,542,574,570,548,502
527,592,531,470,483,542,574,570,548,502
527,592,531,471,484,542,574,570,548,502
527,592,531,471,484,542,574,570,548,502
527,592,531,471,485,542,575,570,549,502
527,592,531,471,485,542,576,570,550,502
527,593,531,471,485,542,576,570,550,502
528,593,532,471,485,542,577,570,550,502
529,593,532,471,486,543,577,570,550,502
529,593,533,472,486,543,577,571,550,502
529,593,533,472,486,543,577,571,550,502
529,593,533,472,487,543,578,572,550,502
529,593,533,473,487,543,578,573,550,503
529,593,533,473,487,545,578,574,550,503
529,593,533,473,487,546,578,574,550,504
529,593,533,473,488,546,578,574,550,504
529,593,533,473,489,547,579,574,550,504
529,593,533,473,489,547,580,574,550,504
529,593,533,473,489,547,580,574,550,505
529,593,534,473,489,547,580,574,550,505
530,594,534,473,489,547,580,574,551,505
530,594,534,474,490,547,580,574,551,505
530,594,535,474,490,547,580,574,551,505
530,594,536,474,491,547,581,574,551,505
530,594,536,474,492,547,581,574,552,505
530,595,536,474,492,547,582,575,552,505
530,595,536,475,492,547,583,575,552,505
530,595,536,475,493,548,583,575,553,505
530,595,536,475,494,549,583,576,553,505
530,595,536,475,494,549,584,576,554,505
530,595,536,475,495,549,586,576,554,505
530,595,536,475,495,549,586,576,554,506
530,595,536,475,495,549,586,576,554,506
531,596,537,475,496,549,586,576,554,507
531,597,538,475,496,550,586,576,555,507
531,597,538,475,496,550,586,576,555,508
531,597,539,476,496,550,587,576,555,509
531,597,539,476,496,550,587,576,555,509
531,598,539,476,497,551,587,576,555,509
531,599,539,476,498,551,587,578,556,509
531,599,539,476,498,552,587,579,556,510
531,599,539,476,498,553,587,579,556,510
531,599,539,476,499,553,588,579,556,510
531,599,539,476,500,553,588,579,556,510
531,599,539,476,500,553,589,580,556,510
531,599,539,476,500,553,589,580,556,511
532,600,539,476,501,553,590,581,556,511
532,601,541,476,501,553,590,581,557,511
532,601,541,476,501,554,590,581,558,511
532,601,541,476,501,554,590,581,559,511
532,601,541,476,501,554,591,581,559,511
532,602,542,476,501,554,591,581,559,511
532,602,542,476,502,554,591,581,559,511
532,603,542,476,503,554,591,581,559,511
532,603,542,476,504,554,591,581,559,511
532,603,542,476,504,555,592,581,560,511
532,603,542,477,504,555,592,582,560,511
532,603,543,477,504,555,592,582,561,511
533,603,543,477,504,555,592,582,561,511
533,603,543,477,504,555,593,582,561,512
533,603,544,477,504,555,593,582,561,513
533,603,545,477,504,556,593,582,561,513
533,604,545,477,504,556,593,582,562,513
533,604,545,477,504,558,593,582,563,513
533,604,545,478,505,558,593,582,564,513
533,604,545,478,506,558,593,582,564,513
533,604,545,478,506,559,593,582,564,513
533,606,545,478,506,559,593,582,564,513
533,606,545,478,507,560,594,582,564,514
533,606,546,478,508,561,595,582,564,514
533,606,546,478,508,562,595,582,564,514
534,606,547,478,508,562,595,582,564,515
534,606,547,478,508,562,596,583,564,515
534,606,547,478,508,562,596,583,564,515
534,606,547,478,508,562,596,583,565,516
534,606,547,478,508,562,598,583,567,516
534,606,547,478,509,562,598,583,568,516
534,606,547,479,509,562,598,583,568,516
535,606,547,480,510,562,598,585,568,516
535,606,547,481,510,562,598,585,568,516
536,607,547,481,510,562,598,585,568,517
536,607,547,481,510,563,599,585,569,517
536,607,547,481,510,563,599,585,569,517
536,607,547,481,511,563,600,585,569,517
536,608,547,481,512,563,600,585,569,517
538,608,548,481,512,563,600,585,569,517
539,608,548,481,512,563,601,585,569,518
539,608,548,481,512,563,601,586,570,519
539,608,548,481,512,563,602,586,570,520
539,608,548,481,512,563,602,586,570,520
539,608,549,481,513,563,602,586,570,520
539,608,549,481,513,563,602,586,570,520
539,609,549,482,513,564,602,586,570,520
539,610,549,482,513,564,602,586,571,520
539,610,549,482,513,564,602,586,571,520
539,610,549,482,514,566,602,587,571,520
539,610,549,482,515,566,602,587,571,520
539,611,549,482,516,566,603,587,571,520
539,611,550,482,516,567,603,587,571,520
539,611,550,482,516,568,604,587,573,521
539,611,551,482,516,568,606,587,573,522
539,611,551,482,516,568,606,587,574,522
539,611,551,482,516,569,606,587,575,522
539,611,551,483,516,569,606,587,575,522
539,611,551,483,517,569,606,587,575,522
540,611,551,483,517,569,606,587,575,522
540,611,551,484,517,569,606,587,575,522
540,611,552,484,517,570,606,587,575,522
540,612,552,485,518,570,606,587,575,522
540,612,552,485,518,570,606,588,575,522
541,613,552,485,518,571,606,588,575,522
541,613,553,485,519,571,606,588,575,522
541,613,553,485,519,572,607,588,576,522
541,614,553,485,519,572,608,588,576,524
542,614,553,485,519,572,608,588,577,524
542,614,553,485,519,572,608,588,577,524
542,614,553,485,519,572,609,589,578,525
542,615,553,485,519,572,609,589,579,525
542,615,553,485,519,572,609,589,580,525
542,615,553,485,519,572,609,589,581,525
542,616,554,485,519,572,609,589,581,525
542,616,555,485,520,572,609,589,581,525
542,617,555,485,520,573,609,590,581,525
543,617,555,485,520,573,609,590,581,525
543,617,556,486,520,575,609,590,581,526
543,617,556,488,520,576,610,590,581,526
543,617,556,488,520,577,610,590,581,527
543,617,557,488,520,578,610,590,581,527
543,618,557,488,521,578,610,590,581,528
543,619,557,488,521,578,610,590,582,528
544,619,557,488,521,578,611,590,583,528
544,619,557,488,521,578,611,590,583,528
544,619,557,488,521,578,611,590,583,528
544,619,557,488,521,578,611,591,584,528
544,619,557,488,521,578,612,591,585,528
544,619,557,488,521,578,612,591,585,528
544,619,558,488,521,579,612,591,585,528
544,620,558,488,522,579,612,591,585,528
544,620,558,488,522,579,613,591,585,528
544,620,559,488,522,580,613,591,585,528
544,621,559,490,523,580,614,591,585,528
544,622,559,490,523,580,614,591,585,529
544,622,559,490,523,580,615,591,586,529
544,622,559,491,523,580,615,591,586,530
544,622,559,491,523,580,616,591,586,530
544,623,559,492,523,580,616,591,586,530
544,623,559,492,523,580,616,591,586,530
544,623,559,492,523,580,617,591,586,530
545,623,559,492,523,580,617,591,586,530
545,623,559,492,523,580,617,591,586,530
545,623,559,492,523,580,617,591,586,530
546,623,559,492,523,581,618,591,586,530
546,623,559,492,523,583,618,592,586,531
546,623,560,492,523,584,619,592,587,532
546,624,560,492,523,584,619,592,587,533
546,624,560,492,523,584,620,592,588,533
546,624,560,492,523,584,620,592,588,533
546,624,560,492,523,584,620,592,588,533
546,624,560,492,523,584,620,592,588,533
546,624,560,492,523,585,620,593,588,533
546,625,560,492,524,585,621,593,588,534
547,625,560,492,524,585,621,593,588,534
547,625,561,492,524,585,621,593,588,534
547,625,561,492,524,585,621,593,588,534
547,625,562,492,524,585,622,593,588,534
547,625,562,492,524,585,622,593,588,535
547,626,562,492,524,585,622,593,588,535
547,626,562,492,525,586,623,593,588,536
547,627,562,492,525,586,623,593,588,536
547,627,562,492,525,587,623,593,588,536
547,628,562,492,525,587,623,593,590,536
547,628,562,493,525,587,624,594,590,536
548,628,563,493,525,587,624,594,590,536
549,628,563,493,526,587,624,594,590,536
549,628,563,493,526,588,624,594,590,536
549,628,563,493,526,588,624,594,590,536
549,628,563,493,526,588,625,594,590,536
549,629,563,493,526,588,625,594,590,537
549,630,563,493,527,588,626,594,590,537
549,630,563,493,527,588,627,595,591,538
549,630,563,493,527,588,628,595,591,538
549,630,563,493,527,590,629,595,591,538
549,631,563,493,527,590,629,595,591,538
549,631,563,493,527,590,629,595,592,539
549,631,563,493,527,590,629,595,592,539
549,632,565,493,528,590,629,595,592,539
550,632,565,494,528,590,629,595,592,539
550,633,565,494,528,590,629,595,592,539
550,633,566,495,528,590,630,595,592,539
550,633,566,495,529,590,630,595,593,539
550,633,566,495,530,590,630,595,593,540
550,634,566,495,530,590,631,595,593,540
550,634,566,495,530,591,631,595,594,541
550,634,566,495,530,591,632,595,594,541
550,634,566,495,530,591,633,595,594,541
550,634,566,495,530,591,633,595,594,541
550,634,566,495,530,591,634,595,595,541
550,634,566,495,530,591,634,595,595,541
551,634,566,495,531,591,634,595,595,542
551,634,566,495,531,591,635,595,595,542
551,634,566,495,531,591,635,595,596,542
551,635,567,495,531,591,635,595,596,542
551,635,568,496,531,591,635,595,596,543
551,636,568,496,531,591,635,595,596,544
551,637,568,496,531,591,637,595,596,544
551,638,568,496,531,591,637,595,596,544
551,638,568,496,531,591,637,595,596,544
551,638,568,496,531,591,637,595,597,545
551,638,568,496,532,591,637,595,598,545
551,638,568,497,532,591,637,595,598,545
552,638,568,497,532,592,638,595,598,545
552,638,569,497,532,592,639,595,598,545
552,638,569,497,534,592,640,595,598,545
552,638,569,497,534,592,640,595,598,545
552,638,569,497,534,592,640,596,598,546
552,638,569,497,535,592,640,596,598,547
552,638,569,497,535,592,640,596,599,547
552,638,569,498,536,592,640,596,599,547
552,639,569,498,536,594,641,596,599,547
552,639,569,498,536,594,641,596,599,547
552,639,569,498,536,594,641,596,600,547
552,639,571,498,537,594,641,596,600,547
552,639,571,498,538,595,641,597,601,547
552,639,571,498,538,595,641,597,601,547
552,639,572,498,539,596,641,597,601,547
552,640,572,498,539,597,641,597,601,547
552,640,572,498,540,597,641,597,601,547
552,640,572,498,540,598,641,597,601,547
552,640,572,498,541,598,642,598,601,547
552,641,572,498,541,598,643,598,601,547
552,642,572,498,542,598,644,598,601,547
552,642,572,499,542,598,644,598,601,547
552,643,572,499,542,598,644,598,601,547
552,643,572,500,542,598,644,598,601,547
552,644,573,500,543,599,645,598,602,547
552,644,573,500,544,600,645,598,603,547
553,644,573,500,544,600,645,598,604,547
553,645,574,500,544,600,645,598,605,547
553,646,574,500,545,601,645,598,605,547
553,646,574,500,545,601,645,598,605,547
553,646,574,500,548,601,645,598,605,547
553,646,574,500,548,601,645,598,605,548
553,646,574,500,549,601,645,599,606,548
553,646,574,500,549,601,645,599,606,548
553,646,574,500,549,601,645,599,606,548
553,646,574,500,549,601,645,599,606,548
553,647,574,500,549,601,645,599,606,548
553,647,574,500,549,601,646,599,606,548
553,647,574,501,549,601,646,600,606,548
553,647,574,501,549,601,646,600,606,548
553,647,575,501,549,601,646,600,606,548
553,647,575,501,549,602,646,600,606,548
553,648,575,501,550,602,646,600,606,548
553,649,575,501,550,602,646,600,607,548
553,649,575,501,552,602,646,600,607,549
553,650,575,501,553,602,646,601,607,549
553,650,575,501,553,602,646,601,607,549
553,650,575,501,553,602,646,601,607,549
553,650,575,501,553,602,647,601,607,549
553,651,575,501,553,603,649,601,607,549
553,652,575,501,553,604,649,601,607,549
554,652,576,501,553,604,649,601,607,549
554,652,576,501,553,604,650,601,608,549
554,652,576,501,553,604,650,601,608,549
554,652,576,501,553,604,650,601,608,549
554,652,576,501,554,604,650,601,608,549
554,652,576,501,554,604,650,601,608,550
554,652,576,501,554,604,650,602,608,550
554,652,576,501,554,604,650,602,608,550
554,652,576,501,554,604,651,602,609,551
554,652,576,501,554,604,651,602,609,552
554,652,576,501,554,604,651,603,609,552
554,652,576,501,554,604,651,603,609,552
554,652,577,501,554,605,651,603,609,552
555,653,577,501,554,605,651,604,609,552
555,653,577,501,554,605,651,604,609,552
556,653,577,501,555,605,651,604,609,553
556,653,578,501,555,605,651,604,610,553
556,653,578,501,555,605,652,604,610,553
556,653,578,501,555,606,652,604,611,553
556,653,578,501,555,606,652,604,611,553
556,653,578,501,555,606,652,604,611,553
556,653,578,501,556,606,652,604,612,553
556,653,578,501,556,606,652,605,612,554
556,653,578,501,556,606,652,605,612,554
556,653,578,501,556,607,654,606,612,554
557,653,578,501,556,607,654,606,612,554
557,653,578,501,556,607,655,606,612,554
557,653,578,501,556,607,655,606,612,554
557,654,578,501,556,607,655,606,613,554
557,654,578,501,556,607,655,606,613,554
557,654,578,501,556,607,655,606,615,554
557,654,578,501,556,607,655,606,615,554
557,654,578,501,556,608,655,606,616,554
557,654,578,502,556,608,655,606,616,554
557,654,578,503,556,608,655,606,616,554
557,654,578,503,557,608,655,606,616,554
557,654,578,503,557,608,656,606,616,555
557,654,578,503,557,609,656,606,616,555
558,654,578,503,557,609,656,607,616,555
558,654,578,503,557,609,656,608,616,555
558,654,578,503,557,610,658,608,616,555
558,654,578,503,557,610,659,608,616,555
558,654,578,503,558,610,659,608,616,555
558,655,578,503,558,611,659,608,616,555
558,655,578,503,559,611,660,608,616,555
558,655,578,503,559,611,660,608,616,555
558,655,578,503,559,611,660,608,617,555
558,655,578,503,559,611,660,608,617,555
558,655,578,503,559,611,660,608,617,555
558,656,578,503,559,612,661,608,618,555
558,656,578,504,560,612,661,608,618,555
559,656,578,504,560,612,661,608,618,555
559,656,579,504,560,613,661,608,618,555
559,656,579,505,560,613,661,608,619,555
559,656,580,505,560,613,662,609,619,555
559,656,580,505,561,613,662,610,619,555
559,657,580,505,562,613,662,610,619,556
559,658,580,505,562,613,662,611,619,556
559,658,580,505,562,613,662,611,619,556
559,658,580,505,562,613,662,612,619,556
559,658,581,505,562,613,662,612,619,556
559,658,581,505,562,613,662,613,620,556
559,658,581,505,562,614,662,613,620,556
559,658,581,505,562,614,662,613,620,556
560,658,581,505,563,614,662,613,620,556
560,658,581,505,563,615,662,613,620,556
560,658,581,505,563,615,662,613,620,556
560,658,581,505,563,616,662,614,620,556
560,658,581,505,563,616,662,614,620,556
560,659,582,505,566,616,662,614,620,556
560,659,582,505,566,616,662,615,620,556
560,659,582,505,566,616,662,616,620,556
560,660,582,505,566,616,662,616,620,556
560,660,582,505,566,616,662,616,620,556
560,660,582,506,566,616,663,616,621,556
560,660,582,506,566,617,663,616,622,556
560,660,582,506,566,617,663,616,622,556
560,660,582,506,566,617,663,617,622,556
560,660,582,506,567,618,663,617,622,556
560,660,582,507,567,618,664,617,622,557
560,660,582,507,567,618,664,617,622,557
560,660,583,508,567,618,664,618,622,557
560,660,583,508,567,618,664,619,622,557
560,660,583,508,568,618,664,619,622,557
560,660,583,508,568,619,664,619,622,557
560,660,583,508,568,619,664,619,622,557
560,661,583,508,568,619,664,619,622,557
560,661,583,508,568,620,664,619,622,557
560,661,583,508,568,620,664,619,622,557
561,661,583,508,568,620,664,620,623,557
561,661,583,508,568,620,664,620,624,557
561,661,583,508,568,620,664,620,625,557
561,661,583,509,568,620,664,620,625,557
561,661,583,509,568,620,664,620,625,557
561,661,583,509,568,620,664,620,625,557
561,661,585,510,568,621,664,620,625,557
561,661,585,510,568,621,664,620,625,557
561,661,585,511,568,622,664,620,625,557
561,661,585,511,568,622,664,620,625,557
561,663,585,511,568,623,665,620,626,557
561,664,586,511,568,624,665,620,626,558
561,665,586,511,568,624,665,620,626,558
562,665,586,511,568,625,665,620,626,558
562,666,586,511,569,625,665,620,626,558
562,667,586,511,569,625,665,620,627,558
562,667,586,512,569,625,665,620,627,558
562,667,586,512,569,625,665,620,627,558
562,667,586,512,570,625,665,620,627,558
562,667,587,512,570,625,665,620,627,558
562,667,588,512,570,625,665,620,627,558
562,667,588,512,570,626,665,620,627,558
562,667,588,512,570,626,665,620,627,558
562,668,588,513,570,626,666,620,628,558
562,668,588,513,570,626,666,620,628,559
562,669,589,513,570,626,666,620,628,559
562,669,589,514,570,626,666,620,628,559
562,669,589,514,570,626,666,620,628,559
562,669,589,515,570,626,667,620,628,560
563,669,589,515,571,626,667,620,628,560
563,669,589,515,571,626,667,620,628,560
563,670,590,515,572,626,667,620,628,561
563,670,590,515,572,626,667,620,628,561
563,670,590,515,572,626,667,620,628,561
563,670,590,515,572,627,667,620,628,561
563,670,591,515,572,627,667,620,629,561
563,670,591,515,572,627,667,620,629,562
563,670,591,515,572,627,667,620,629,562
563,670,592,515,572,628,668,620,629,562
564,670,592,516,572,628,668,620,631,562
565,670,592,516,572,628,668,620,631,562
565,671,592,517,573,628,668,620,631,562
565,672,592,517,573,628,668,620,631,562
565,672,592,517,573,628,668,620,631,562
565,673,593,517,574,628,668,622,631,563
565,674,593,518,574,629,668,622,631,563
565,674,593,518,575,629,668,622,631,563
565,674,593,518,575,630,668,622,631,563
566,674,593,518,575,631,668,622,631,563
566,674,593,518,575,632,668,622,631,563
566,674,594,518,575,633,668,623,631,563
566,674,594,518,575,633,668,623,631,563
567,674,594,518,575,633,668,623,631,563
567,674,594,519,575,633,668,623,632,563
567,674,594,519,575,633,668,624,632,563
567,674,594,519,575,633,668,624,633,563
567,674,594,519,576,633,668,625,634,563
567,674,595,519,578,633,668,626,634,564
567,674,595,519,578,633,668,626,634,564
567,675,595,519,578,633,668,626,634,564
567,675,595,519,578,633,669,626,634,564
567,676,595,519,578,633,669,626,635,564
567,676,595,519,578,634,669,626,635,564
567,677,595,519,578,635,670,626,635,564
567,677,595,519,578,636,670,626,635,564
568,677,595,519,579,636,670,626,635,564
568,677,595,520,579,636,670,626,636,565
568,677,595,521,579,636,670,626,636,565
568,677,595,521,579,636,670,626,636,565
568,677,595,521,579,637,670,627,636,565
568,677,595,521,579,637,670,628,636,566
568,677,595,521,580,638,670,628,636,566
568,677,596,521,581,638,670,628,636,566
569,677,596,521,581,638,670,628,637,566
569,678,596,521,582,638,670,628,637,566
569,678,596,521,582,638,670,628,637,566
569,678,597,521,582,638,670,628,637,566
569,678,597,522,582,638,670,628,637,566
570,678,597,523,582,638,670,628,637,566
570,678,597,523,582,638,670,630,638,567
570,678,598,523,582,638,670,630,638,567
570,678,598,523,582,638,670,630,638,567
570,679,598,523,582,639,670,631,638,569
570,679,598,523,582,639,670,631,638,570
570,679,598,523,584,639,670,631,638,570
571,679,598,523,584,639,670,631,638,570
571,679,598,523,584,639,671,631,638,570
571,680,598,523,584,641,671,631,639,570
571,680,598,523,584,641,671,631,639,570
571,680,599,523,584,641,671,631,640,570
571,680,599,523,585,641,671,631,640,570
572,680,599,524,585,641,671,631,640,571
572,680,599,525,585,641,671,633,641,571
572,680,599,525,585,641,671,633,641,571
572,680,599,526,585,641,671,634,641,571
572,681,600,526,585,641,671,634,641,572
572,681,600,526,586,641,671,634,641,572
573,681,600,526,586,641,671,634,641,572
574,682,600,526,586,641,671,634,641,572
575,682,600,526,586,641,671,634,641,572
575,683,601,526,586,641,671,634,641,573
575,683,601,526,586,641,672,634,641,573
575,683,602,526,586,642,672,635,641,573
575,683,602,526,587,642,672,635,641,573
575,683,602,526,587,642,672,635,641,573
575,683,602,526,587,642,672,,642,573
